index,name,description,tonnage
0,USS A. Houghton,Cargo ship of the United States Navy,326
0,USS Aaron V. Brown,Gunboat of the United States Navy,50 tons
0,USS Abeona,Gunboat of the United States Navy,206 
1,USS Abeona,Gunboat of the United States Navy, (209 t)
0,USS Abraham,Side-wheel steamer,800 
1,USS Abraham,Side-wheel steamer, (810 t)
0,USS Acacia,Tugboat of the United States Navy,300 long tons (300 t)
0,USS Adela,Gunboat of the United States Navy,585 tons
0,USS Adelaide,M,734 
1,USS Adelaide,M, (746 t)
0,USS Adirondack (1862),Gunboat during the American Civil War that sank off the Bahamas,"1,240 long tons (1,260 t)"
0,USS Adolph Hugel,Gunboat of the United States Navy,269 
1,USS Adolph Hugel,Gunboat of the United States Navy, (273 t)
0,USS Advance (1862),Gunboat of the United States Navy,880 tons
0,USS Agamenticus,"United States Navy ship, 1863","3,295 "
1,USS Agamenticus,"United States Navy ship, 1863"," (3,348 "
2,USS Agamenticus,"United States Navy ship, 1863",)
0,USS Agawam (1863),"Double-ended, side-wheel gunboat of the United States Navy",974
0,USS Alabama (1850),Gunboat of the United States Navy,"1,261 "
1,USS Alabama (1850),Gunboat of the United States Navy," (1,281 t)"
0,USS Albatross (1858),Gunboat of the United States Navy,378 
1,USS Albatross (1858),Gunboat of the United States Navy, (384 t)
0,USS Albemarle (1863),Screw steamer captured by the Union Navy during the American Civil War,200 tons
0,USS Alert (1861),Gunboat of the United States Navy,90 long tons (91 t)
0,USS Alexandria (1862),Gunboat of the United States Navy,60 tons
0,USS Alfred Robb,Gunboat of the United States Navy,86 long tons (87 t)
0,USS Allegheny (1847),Gunboat of the United States Navy,"989 long tons (1,005 t)"
0,USS Alligator (1862),Submarine of the United States,"275 tons surface, 350 tons submerged"
0,USS Alonzo Child,M,493 
1,USS Alonzo Child,M, (501 t)
0,USS Alpha (1864),Tugboat of the United States Navy,55 tons
0,USS Althea (1863),Tugboat of the United States Navy,72 tons
0,USS Amanda,Gunboat of the United States Navy,368
0,USS Amaranthus,Tugboat of the United States Navy,182 tons
0,USS Amazon,M,318
0,USS American (1861),M,329 tons
0,USS Ammonoosuc (1864),M,"3,850 tons"
0,USS Anacostia (1856),Gunboat of the United States Navy,217 tons
0,USS Anemone (1864),Gunboat of the United States Navy,156 tons
0,USS Annie,Gunboat of the United States Navy,27 tons
0,USS Antelope (1861),Gunboat of the United States Navy,145 tons
0,USS Antietam (1869),Cargo ship of the United States Navy,"3,953 tons"
0,USS Antona (1863),Gunboat of the United States Navy,549 tons
0,USS Arethusa (1864),Collier of the United States Navy,195 
1,USS Arethusa (1864),Collier of the United States Navy, (198 t)
0,USS Argosy,Gunboat of the United States Navy,219 tons
0,USS Ariel (1862),Gunboat of the United States Navy,20 tons
0,USS Aries (1863),Gunboat of the United States Navy,820 tons
0,USS Arizona (1858),Merchant steamship,959 long tons (974 t)
0,USS Arkansas (1863),Cargo ship of the United States Navy,752 tons
0,USS Arletta,Gunboat of the United States Navy,200 tons
0,USS Aroostook (1861),Gunboat of the United States Navy,691 tons
1,USS Aroostook (1861),Gunboat of the United States Navy,507
0,USS Arthur,Gunboat of the United States Navy,554
0,USS Ascutney,Gunboat of the United States Navy,974 tons
0,USS Aster,American Civil War tugboat,285 tons
0,USS Augusta (1853),Gunboat of the United States Navy,"1,310 long tons (1,330 t)"
0,USS Augusta Dinsmore,Gunboat of the United States Navy,834 tons
0,USS Avenger (1863),Gunboat of the United States Navy,410 tons
0,USS Azalea (1864),Gunboat of the United States Navy,176 tons
0,USS Bainbridge (1842),M,259 long tons (263 t)
0,Balize (tug),M,321.10 gross tons
1,Balize (tug),M,321 long tons (326 t)
0,USS Baltimore (1861),M,500 
1,USS Baltimore (1861),M, (508 t)
0,USS Banshee (1862),Gunboat of the United States Navy,273 tons
0,USS Barataria (1862),Steamer captured by the Union Army during the American Civil War,400 tons
0,USS Baron DeKalb,Gunboat of the United States Navy,512 tons
0,USS Bat,Gunboat of the United States Navy,750 long tons (760 t)
0,USS Bazely (1863),Patrol vessel of the United States Navy,50 tons
0,USS Beauregard,Gunboat of the United States Navy,101
1,USS Beauregard,Gunboat of the United States Navy,101
0,USS Belle,Tugboat of the United States Navy,52 tons
0,USS Ben Morgan,M,407 
1,USS Ben Morgan,M, (414 t)
0,USS Benefit,Ship,213 tons
0,USS Benton,Gunboat of the United States Navy,633 
1,USS Benton,Gunboat of the United States Navy, (643 t)
0,USS Berberry,Tugboat of the United States Navy,163 long tons (166 t)
0,USS Bermuda,Cargo ship of the United States Navy,"1,238 tons"
0,USS Bibb (1853),Tugboat of the United States Navy,409 
1,USS Bibb (1853),Tugboat of the United States Navy, (416 t)
0,USS Bienville,Gunboat of the United States Navy,"1,558 "
1,USS Bienville,Gunboat of the United States Navy," (1,583 t)"
0,USS Black Hawk (1848),Gunboat of the United States Navy,902 tons
0,USS Bloomer,Gunboat of the United States Navy,130 tons
0,USS Blue Light,Tugboat of the United States Navy,103 
1,USS Blue Light,Tugboat of the United States Navy, (105 t)
0,USS Bohio (1856),M,197 tons
0,USS Brandywine,Cargo ship of the United States Navy,1708
0,USS Braziliera,Gunboat of the United States Navy,541
0,USS Breaker (1862),Gunboat of the United States Navy,not known
0,USS Brilliant (1862),Gunboat of the United States Navy,227 tons
0,USS Britannia,Gunboat of the United States Navy,495 tons
0,USS Brooklyn (1858),Sloops-of-war of the United States Navy,"2,532 tons"
0,USS Buckthorn (1863),Tender of the United States Navy,128 tons
0,USS C. P. Williams,Gunboat of the United States Navy,210 
1,USS C. P. Williams,Gunboat of the United States Navy, (210 
2,USS C. P. Williams,Gunboat of the United States Navy,)
0,USS Cactus,Gunboat of the United States Navy,176
0,USS Cairo,American Civil War ironclad warship,512
0,USS Calhoun (1851),Gunboat of the United States Navy,508 
1,USS Calhoun (1851),Gunboat of the United States Navy, (516 t)
0,USS Calypso (1863),Gunboat of the United States Navy,630 tons
0,USS Cambridge (1860),Gunboat of the United States Navy,868 long tons (882 t)
0,USS Camelia (1862),Gunboat of the United States Navy,198 tons
0,USS Canandaigua (1862),Gunboat of the United States Navy,"1,395 long tons (1,417 t)"
0,USS Canonicus (1863),1863 Canonicus-class monitor,"1,034 tons ("
1,USS Canonicus (1863),1863 Canonicus-class monitor,)
2,USS Canonicus (1863),1863 Canonicus-class monitor,"2,100 "
3,USS Canonicus (1863),1863 Canonicus-class monitor," (2,100 "
4,USS Canonicus (1863),1863 Canonicus-class monitor,)
0,USS Carnation (1863),Gunboat of the United States Navy,82 tons
0,USS Carondelet,Gunboat of the United States Navy,512 tons
0,USS Carrabasset (1864),Gunboat of the United States Navy,202 tons
0,USS Casco (1864),Torpedo boat of the United States Navy,"1,175"
0,USS Catalpa (1864),Tugboat of the United States Navy,191 tons
0,USS Catawba (1864),Canonicus-class monitor,"1,034 tons ("
1,USS Catawba (1864),Canonicus-class monitor,)
2,USS Catawba (1864),Canonicus-class monitor,"2,100 "
3,USS Catawba (1864),Canonicus-class monitor," (2,100 "
4,USS Catawba (1864),Canonicus-class monitor,)
0,USS Catskill (1862),M,"1,335 long tons (1,356 t)"
0,USS Cayuga (1861),Unadilla-class gunboat,691 tons
1,USS Cayuga (1861),Unadilla-class gunboat,507
0,USS Ceres,Gunboat of the United States Navy,150 long tons (150 t)
0,USS Champion (1859),Gunboat of the United States Navy,115 
1,USS Champion (1859),Gunboat of the United States Navy, (117 
2,USS Champion (1859),Gunboat of the United States Navy,)
0,USS Charles Phelps,Collier of the United States Navy,363 tons
0,USS Charlotte (1862),Union Navy schooner,70 tons
0,USS Chatham (1836),American Civil War-era steamship,198 
1,USS Chatham (1836),American Civil War-era steamship, (201 t)
0,USS Chattanooga (1864),Unused wooden steam ship,"3,043 long tons (3,092 t)"
0,USS Chenango (1863),Gunboat of the United States Navy,974 tons
0,USS Cherokee (1859),Gunboat of the United States Navy,606 ton
0,USS Chickasaw (1864),Milwaukee-class American river monitor,"1,300 long tons (1,300 t)"
1,USS Chickasaw (1864),Milwaukee-class American river monitor,970 
0,USS Chicopee (1863),Gunboat of the United States Navy,974 tons
0,USS Chillicothe (1862),Gunboat of the United States Navy,395 long tons (401 t)
0,USS Chimo (1864),Torpedo boat of the United States Navy,"1,175 tons"
0,USS Chippewa (1861),Gunboat of the United States Navy,691 tons
1,USS Chippewa (1861),Gunboat of the United States Navy,507
0,USS Choctaw (1856),Union gunboat and ram,"1,004 long tons (1,020 t)"
0,USS Chocura (1861),Gunboat of the United States Navy,691 tons
1,USS Chocura (1861),Gunboat of the United States Navy,507
0,USS Chotank (1861),M,53 tons
0,USS Cimarron (1862),Gunboat of the United States Navy,860 ton
0,USS Cincinnati (1861),Gunboat of the United States Navy,512 tons
0,USS Circassian,Cargo ship of the United States Navy,"1,750 tons"
0,City-class ironclad,Mississippi River gunboat of the Americans civil war,512 tons
0,USS Clara Dolsen,M,939 tons
0,USS Clematis (1863),Tugboat of the United States Navy,297 tons
0,USS Clifton (1861),Gunboat of the United States Navy,892 tons
0,USS Clinton (1864),Tugboat of the United States Navy,50 tons
0,USS Clover (1863),Gunboat of the United States Navy,129 tons
0,USS Clyde (1863),Gunboat of the United States Navy,294 long tons (299 t)
0,USS Coeur de Lion,M,110 tons
0,USS Cohasset (1860),Gunboat of the United States Navy,100 long tons (100 t)
0,USS Collier,Gunboat of the United States Navy,177 
1,USS Collier,Gunboat of the United States Navy, (180 t)
0,USS Colorado (1856),M,"3,425 long tons (3,480 t)"
0,USS Colossus (1864),Gunboat of the United States Navy,183 tons
0,USS Columbia (1836),M,1726
0,USS Columbia (1862),Gunboat of the United States Navy,503 
1,USS Columbia (1862),Gunboat of the United States Navy, (511 t)
0,USS Columbine (1862),US Navy side-wheel steamer in service 1862-1864,133
0,USS Columbus (1819),90-gun ship of the line in the United States Navy,2480
0,USS Commodore (1863),Gunboat of the United States Navy,80 tons
0,USS Commodore Barney,Gunboat of the United States Navy,512 long tons (520 t)
0,USS Commodore Hull,Gunboat of the United States Navy,376 long tons (382 t)
0,USS Commodore Jones,Gunboat of the United States Navy,542 long tons (551 t)
0,USS Commodore McDonough,Gunboat of the United States Navy,532 long tons (541 t)
0,USS Commodore Morris,Gunboat of the United States Navy,532 long tons (541 t)
0,USS Commodore Perry,Gunboat of the United States Navy,512 long tons (520 t)
0,USS Commodore Read,Gunboat of the United States Navy,650 
1,USS Commodore Read,Gunboat of the United States Navy, (660 t)
0,USS Conemaugh (1862),Gunboat of the United States Navy,955 long tons (970 t)
0,USS Conestoga (1862),M,"1,335 long tons (1,356 t)"
0,USS Conestoga (1861),Boat converted by the navy into 572-ton river gunboat,572 ton
0,USS Congress (1841),M,1867
0,USS Connecticut (1861),Gunboat of the United States Navy,725 tons
0,USS Constellation (1854),Last sail-only warship designed and built by the United States Navy,"1,400 "
1,USS Constellation (1854),Last sail-only warship designed and built by the United States Navy," (1,400 t)"
0,USS Cornubia (1858),Gunboat of the United States Navy,589 long tons (598 t)
0,USS Corwin (1849),Gunboat of the United States Navy,330 
1,USS Corwin (1849),Gunboat of the United States Navy, (340 t)
0,USS Corypheus (1862),Gunboat of the United States Navy,82 tons
0,USS Courier (1861),Gunboat of the United States Navy,556 tons
0,USS Covington (1863),Union Navy gunboat,224 Tons
0,USS Cowslip (1863),Gunboat of the United States Navy,220 tons
0,USS Cricket,Gunboat of the United States Navy,178 tons
0,USS Crocus (1862),Gunboat of the United States Navy,122 tons
0,USS Crusader (1858),Gunboat of the United States Navy,545 tons
0,USS Cumberland (1842),M,1726
0,USS Curlew (1862),Gunboat of the United States Navy,196 tons
0,USS Currituck (1843),Gunboat of the United States Navy,195 tons
0,USS Dacotah,Gunboat of the United States Navy,996
0,USS Daffodil (1862),M,173 tons
0,USS Dahlia (1862),American Civil War-era tugboat,50 tons
0,USS Dai Ching (1863),M,520 tons
0,USS Daisy (1850),Tugboat of the United States Navy,50 
1,USS Daisy (1850),Tugboat of the United States Navy, (51 
2,USS Daisy (1850),Tugboat of the United States Navy,)
0,USS Dale (1839),Sloops-of-war of the United States Navy,566 long tons (575 t)
0,USS Dan Smith,M,150 tons
0,USS Dandelion (1862),M,100 tons (est.)
0,USS Darlington (1862),M,300 tons
0,USS Dart (1861),Gunboat of the United States Navy,94 tons
0,USS Dawn (1857),M,399 long tons (405 t)
0,USS Daylight,M,682 tons
0,USS De Soto (1859),U.S. gunboat,"1,675 tons"
0,USS Decatur (1839),Gunboat of the United States Navy,566 tons
0,USS Delaware (1820),74-gun ship of the line,2633
0,USS Delaware (1861),Gunboat of the United States Navy,350 long tons (360 t)
0,USS Delta (1864),Tugboat of the United States Navy,50 
1,USS Delta (1864),Tugboat of the United States Navy, (51 
2,USS Delta (1864),Tugboat of the United States Navy,)
0,USS Dolphin (1836),M,224 long tons (228 t)
0,USS Don,M,390 
1,USS Don,M, (400 t)
0,USS Donegal (1860),Union Navy steamship,"1,080 long tons (1,100 t)"
0,USS Dragon,Gunboat of the United States Navy,118 tons
0,USS Dumbarton,M,636 long tons (646 t)
0,USS E. B. Hale (1861),Gunboat of the United States Navy,220 tons
0,USS Eastport (1862),Gunboat of the United States Navy,700 tons
0,USS Elfin (1864),Gunboat of the United States Navy,192 tons
0,USS Elk (1863),Gunboat of the United States Navy,162 tons
0,USS Ella (1859),Gunboat of the United States Navy,230
0,USS Ellen (1853),Gunboat of the United States Navy,341 
1,USS Ellen (1853),Gunboat of the United States Navy, (346 t)
0,USS Ellis (1862),M,100 tons
0,USS Emma (1863),Steamer,350 tons
0,USS Eolus (1864),Gunboat of the United States Navy,368 ton
0,USS Epsilon,Tugboat of the United States Navy,55 tons
0,Era No. 5,M,115 
1,Era No. 5,M, (117 t)
0,USS Essex (1856),M,640 tons
0,USS Estrella (1862),Gunboat of the United States Navy,576 
1,USS Estrella (1862),Gunboat of the United States Navy,438 tons
0,USS Ethan Allen (1859),Gunboat of the United States Navy,556
0,USS Eugenie,Tender of the United States Navy,150 tons
0,USS Eureka,Gunboat of the United States Navy,50 tons
0,USS Eutaw (1863),Gunboat of the United States Navy,"1,173 long tons (1,192 t)"
0,USS Exchange (1862),Gunboat of the United States Navy,211 tons
0,USS Fahkee,Former tugboat of the United States Navy,745 
1,USS Fahkee,Former tugboat of the United States Navy,; from c1866 601GRT; from 1872 757GRT
2,USS Fahkee,Former tugboat of the United States Navy,660 long tons (670 t)
0,USS Fairplay (1859),M,156 tons
0,USS Fairy (1861),Gunboat of the United States Navy,211 tons
0,USS Falmouth (1827),Sloops-of-war of the United States Navy,703 
1,USS Falmouth (1827),Sloops-of-war of the United States Navy, (714 t)
0,USS Fawn (1863),Gunboat of the United States Navy,174 tons
0,USS Fearnot,Cargo ship of the United States Navy,"1,012 tons"
0,USS Fern (1862),Tugboat of the United States Navy,50 tons
0,USS Fernandina,Gunboat of the United States Navy,297 tons
0,USS Flag,Gunboat of the United States Navy,938 
1,USS Flag,Gunboat of the United States Navy, (953 t)
0,USS Flambeau (1861),Gunboat of the United States Navy,850 tons
0,USS Florida (1850),Gunboat of the United States Navy,"1,261 long tons (1,281 t)"
0,USS Fort Donelson,M,900 tons
0,USS Fort Henry,Gunboat of the United States Navy,552
1,USS Fort Henry,Gunboat of the United States Navy,519 tons
0,USS Fort Hindman,Gunboat of the United States Navy,286 tons
0,USS Fort Jackson (1862),M,"1,850 long tons (1,880 t)"
0,USS Fort Morgan (1863),Gunboat of the United States Navy,"1,249 tons"
0,USRC Forward (1842),Revenue cutter of the United States,139 tons.
0,USS Fox (1859),Gunboat of the United States Navy,80 tons
0,USS Fredonia,Cargo ship of the United States Navy,"799,"
1,USS Fredonia,Cargo ship of the United States Navy, or 800
0,USS Fuchsia,Gunboat of the United States Navy,240 tons
0,USS Fulton (1837),Gunboat of the United States Navy,720
0,USS G. W. Blunt (1856),Gunboat of the United States Navy,Uncertain
0,USS Galatea (1863),Gunboat of the United States Navy,"1,244 tons"
0,USS Gamage (1864),Large steamer,187 tons
0,USS Gamma (1863),Tugboat of the United States Navy,36 tons
0,USS Garland (1815),Ship of the Union Navy during the American Civil War,243
0,USS Gazelle (1863),Gunboat of the United States Navy,117 tons
0,USS Gem of the Sea,Gunboat of the United States Navy,371
0,USS General Bragg,Gunboat of the United States Navy,"1,043 tons"
0,USS General Burnside (1862),Gunboat of the United States Navy,201 tons
0,USS General Grant,Gunboat of the United States Navy,201 tons
0,USS General Lyon (1860),Cargo ship of the United States Navy,468 tons
0,USS General Pillow,Gunboat of the United States Navy,38 tons
0,USS General Price,M,633 tons
0,USS General Putnam (1857),Gunboat of the United States Navy,149 tons
0,USS General Sherman,Gunboat of the United States Navy,187 tons
0,USS General Thomas (1864),Gunboat of the United States Navy,184 tons
0,USS Genesee (1862),Gunboat of the United States Navy,803 tons
0,USS George Mangham,Gunboat of the United States Navy,274 tons
0,George W. Blunt (1856),Pilot boat,122 tons
1,George W. Blunt (1856),Pilot boat,52 tons
0,USS George W. Rodgers,Gunboat of the United States Navy,87 tons
0,USS George Washington Parke Custis (1861),M,not known
0,USS Geranium (1863),Gunboat of the United States Navy,223 tons
0,USS Germantown (1846),Sloops-of-war of the United States Navy,939 long tons (954 t)
0,USS Gertrude,Gunboat of the United States Navy,350 tons
0,USS Gettysburg (1858),M,950 long tons (970 t)
1,USS Gettysburg (1858),M,700 
2,USS Gettysburg (1858),M, (GRT)
0,USS Gladiolus,Minesweeper of the United States Navy,81 tons
0,USS Glance (1863),Tugboat of the United States Navy,81 tons
0,USS Glasgow,Gunboat of the United States Navy,428 
1,USS Glasgow,Gunboat of the United States Navy, (GRT)
2,USS Glasgow,Gunboat of the United States Navy,252
0,USS Glaucus,Gunboat of the United States Navy,"1,244 tons"
0,USS Glide (1862),Gunboat of the United States Navy,137 long tons (139 t)
0,USS Glide (1863),Gunboat of the United States Navy,232 tons
0,USS Governor Buckingham,Gunboat of the United States Navy,886 tons
0,USS Grampus (1863),M,230 tons
0,USS Grand Gulf,Gunboat of the United States Navy,1200 tons
0,USS Granite (1862),Gunboat of the United States Navy,75 tons
0,USS Granite City,Gunboat of the United States Navy,450 tons
0,USS Great Western (1857),Ammunition ship of the United States Navy,429 tons
0,USS Grosbeak (1865),Gunboat of the United States Navy,196 tons
0,USS Guard (1857),Cargo ship of the United States Navy,"1,846 tons"
0,USRC Harriet Lane,Revenue cutter of the United States,730 tons
1,USRC Harriet Lane,Revenue cutter of the United States,639 (
2,USRC Harriet Lane,Revenue cutter of the United States,)
0,USS Hartford (1858),Gunboat of the United States Navy,2900
0,USS Harvest Moon (1863),Gunboat of the United States Navy,546 tons
0,USS Hastings (1860),Gunboat of the United States Navy,293 tons
0,USS Hatteras (1861),Union Navy ship,"1,126 long tons (1,144 t)"
0,USS Heliotrope,Wooden steamer of the Union Navy,239 tons
0,USS Hendrick Hudson,Gunboat of the United States Navy,460 tons
0,"Henrietta (ship, 1861)", Schooner Yacht,205 tonnage by custom-house measurement
0,USS Henry Andrew,Gunboat of the United States Navy,177 long tons (180 t)
0,USS Henry Brinker (1861),Gunboat of the United States Navy,108 tons
0,USS Henry Janes (1861),Gunboat of the United States Navy,260 tons
0,USS Hetzel (1861),Gunboat of the United States Navy,200 tons
0,USS Hibiscus,Gunboat of the United States Navy,490 tons
1,USS Hibiscus,Gunboat of the United States Navy,406 tons
0,USS Hollyhock,Tugboat of the United States Navy,352 tons
0,USS Home,Gunboat of the United States Navy,725 long tons (737 t)
0,USS Honduras (1861),Gunboat of the United States Navy,376 tons
0,USS Honeysuckle (1862),Gunboat of the United States Navy,241 tons
0,USS Hope (1861),Yacht used as a US dispatch boat and pilot boat,134 tons
0,USS Horace Beals,Cargo ship of the United States Navy,296
0,USS Hornet (1865),M,835 tons
0,USS Housatonic (1861),Sloops-of-war of the United States Navy,"1,240 long tons (1,260 t)"
0,USS Howquah (1863),Gunboat of the United States Navy,460 tons
0,USS Hoyt (1863),Torpedo boat of the United States Navy,not known
0,USS Hunchback,Gunboat of the United States Navy,512 long tons (520 t)
0,USS Huntress (1862),Gunboat of the United States Navy,211 tons
0,USS Huntsville (1857),Gunboat of the United States Navy,860 tons
0,USS Huron (1861),Gunboat of the United States Navy,691 tons
1,USS Huron (1861),Gunboat of the United States Navy,507
0,USS Hyacinth (1862),Gunboat of the United States Navy,50 tons
0,USS Hydrangea (1862),Gunboat of the United States Navy,224 tons
0,USS Ibex (1863),M,235 tons
0,USS Ice Boat (1861),Gunboat of the United States Navy,not known
0,USS Ida,Gunboat of the United States Navy,104 tons
0,USS Idaho (1864),Sloops-of-war of the United States Navy,"3,241 t (3,190 long tons)"
0,USS Indianola,American casemate ironclad,511 tons
0,USS Ino,Union Navy clipper ship,"895 tons OM, 673 tons NM"
0,USS Iosco,Gunboat of the United States Navy,1173 Ton
0,USS Iris (1863),M,159 tons
0,USS Iron Age,M,424 tons
0,USS Iroquois (1859),War ship,"1,016 long tons (1,032 t)"
0,USS Isaac N. Seymour,M,133 
0,USS Isaac Smith,M,453 tons
0,USS Island Belle,Tugboat of the United States Navy,123 
1,USS Island Belle,Tugboat of the United States Navy, (125 t)
0,USS Isonomia,M,593 long tons (603 t)
0,USS Itasca (1861),Gunboat of the United States Navy,691 tons
1,USS Itasca (1861),Gunboat of the United States Navy,507
0,USS Iuka (1864),Gunboat of the United States Navy,944 tons
0,USS Ivy (1862),Gunboat of the United States Navy,50 tons
0,USS J. C. Kuhn,Cargo ship of the United States Navy,888
0,USRC Jackson (1832),M,112 tons
0,USS Jacob Bell (1842),Gunboat of the United States Navy,229
0,USS James Adger,M,"1,152 long tons (1,170 t)"
0,USS James L. Davis,Gunboat of the United States Navy,461
0,USS James S. Chambers,Gunboat of the United States Navy,401 tons
0,USS Jamestown (1844),Cargo ship of the United States Navy,"1,150 "
1,USS Jamestown (1844),Cargo ship of the United States Navy," (1,168 t)"
0,USS Jasmine,Tugboat of the United States Navy,120 tons
0,USS Jean Sands (1863),Tugboat of the United States Navy,139 tons
0,USS John Adams (1799),M,544 (
1,USS John Adams (1799),M,)
0,USS John Griffith,Mortar schooner acquired by the Union Navy,240 tons
0,USS John L. Lockwood,Gunboat of the United States Navy,180 tons
0,USS John P. Jackson (1860),Gunboat of the United States Navy,750
0,USS Jonquil,Gunboat of the United States Navy,90 tons
0,USS Judge Torrence,Ammunition ship of the United States Navy,700 tons
0,USS Julia (1863),Tender of the United States Navy,10 tons
0,USS Juliet,Gunboat of the United States Navy,157 tons
0,USS Juniata (1862),Sloops-of-war of the United States Navy,1240
0,USS Juniper,Tugboat of the United States Navy,116 tons
0,USS Kalmia (1863),Tugboat of the United States Navy,112 tons
0,USS Kanawha (1861),Gunboat of the United States Navy,691 tons
1,USS Kanawha (1861),Gunboat of the United States Navy,507
0,USS Kansas (1863),Gunboat of the United States Navy,625 tons
0,USS Katahdin (1861),Gunboat of the United States Navy,691 tons
1,USS Katahdin (1861),Gunboat of the United States Navy,507
0,USS Kate (1864),Gunboat of the United States Navy,242 tons
0,USS Kearsarge (1861),Sloops-of-war of the United States Navy,"1,550 long tons (1,570 t)"
0,USS Kennebec (1861),Gunboat of the United States Navy,691 tons
1,USS Kennebec (1861),Gunboat of the United States Navy,507
0,USS Kensington (1862),Gunboat of the United States Navy,"1,053 long tons (1,070 t)"
0,USS Kenwood (1863),Gunboat of the United States Navy,232 tons
0,USS Key West (1862),Gunboat of the United States Navy,207 tons
0,USS Keystone State (1853),M,"1,364 long tons (1,386 t)"
0,USS Kickapoo (1864),Milwaukee-class river monitor,"1,300 long tons (1,300 t)"
1,USS Kickapoo (1864),Milwaukee-class river monitor,970 
0,USS Kineo (1861),Gunboat of the United States Navy,691 tons
1,USS Kineo (1861),Gunboat of the United States Navy,507
0,USS King Philip,M,500 
1,USS King Philip,M, (510 t)
0,USS Kingfisher (1861),Gunboat of the United States Navy,451
0,USS Kinsman (1854),Gunboat of the United States Navy,245 tons
0,USS Kittatinny,Gunboat of the United States Navy,450 tons
0,USS Laburnum (1864),Tugboat of the United States Navy,181 tons
0,USS Lackawanna (1862),Sloops-of-war of the United States Navy,"1,533 long tons (1,558 t)"
0,USS Lafayette (1848),Side wheel steamer,"1,193 long tons (1,212 t)"
0,USS Lancaster (1858),Sloops-of-war of the United States Navy,"2,362 long tons (2,400 t)"
0,USS Larkspur (1863),M,121 tons
0,USS Laurel (1862),Tugboat of the United States Navy,50 tons
0,USS Lavender,M,173 tons
0,USS Lehigh (1863),M,"1,335 long tons (1,356 t)"
0,USS Lenapee,American Navy vessel,974 tons
0,USS Leslie,Tugboat of the United States Navy,100 tons
0,USS Lexington (1861),US Navy timberclad warship,448 
1,USS Lexington (1861),US Navy timberclad warship, (455 t)
0,USS Lilac (1863),Tugboat of the United States Navy,129 tons
0,USS Lilian (1863),Gunboat of the United States Navy,630 tons
0,USS Lily,Tugboat of the United States Navy,50 long tons (50 t)
0,USS Linden,Union Navy (US) sidewheel steamship,177 tons
0,USS Little Ada,Gunboat of the United States Navy,150 tons
0,USS Little Rebel (1859),Gunboat of the United States Navy,161 long tons (164 t)
0,USS Lodona (1862),Gunboat of the United States Navy,688 
1,USS Lodona (1862),Gunboat of the United States Navy,750 long tons (760 t)
0,USS Louisiana (1861),Gunboat of the United States Navy,295 
1,USS Louisiana (1861),Gunboat of the United States Navy, (300 t)
0,USS Louisville (1861),Gunboat of the United States Navy,512 long tons (520 t)
0,USS Macedonian (1836),M,1341
0,USS Mackinaw (1863),Gunboat of the United States Navy,974 tons
0,USS Madgie (1858),Gunboat of the United States Navy,220 tons
0,USS Magnolia,Gunboat of the United States Navy,843 tons
0,USS Mahopac (1864),Canonicus-class monitor,"1,034 tons ("
1,USS Mahopac (1864),Canonicus-class monitor,)
2,USS Mahopac (1864),Canonicus-class monitor,"2,100 long tons (2,100 t)"
0,USS Malvern (1860),Gunboat of the United States Navy,"1,477 tons"
0,USS Manayunk (1864),Union Canonicus class monitor,"1,034 tons ("
1,USS Manayunk (1864),Union Canonicus class monitor,)
2,USS Manayunk (1864),Union Canonicus class monitor,"2,100 "
3,USS Manayunk (1864),Union Canonicus class monitor," (2,100 "
4,USS Manayunk (1864),Union Canonicus class monitor,)
0,USS Manhattan (1863),Canonicus-class monitor,"1,034 tons ("
1,USS Manhattan (1863),Canonicus-class monitor,)
2,USS Manhattan (1863),Canonicus-class monitor,"2,100 long tons (2,100 t)"
0,USS Manitou (1863),Gunboat of the United States Navy,286 tons
0,USS Maratanza,Gunboat of the United States Navy,786 tons
0,USS Marblehead (1861),Gunboat of the United States Navy,691 tons
1,USS Marblehead (1861),Gunboat of the United States Navy,507
0,USS Maria A. Wood,Gunboat of the United States Navy,344 tons
0,USS Maria J. Carlton,Union schooner during the American Civil War,178 tons
0,USS Maria Denning (1858),Cargo ship of the United States Navy,870 tons
0,Marietta-class monitor,United States Navy's Marietta-class monitors,479 
1,Marietta-class monitor,United States Navy's Marietta-class monitors, (487 t)
0,USS Marigold (1863),Tugboat of the United States Navy,115 tons
0,USS Marion (1839),Sloops-of-war of the United States Navy,566 
1,USS Marion (1839),Sloops-of-war of the United States Navy, (575 t)
0,USS Marmora (1862),Gunboat of the United States Navy,207 tons
0,USS Martin (1864),Tugboat of the United States Navy,25 tons
0,USS Mary Sanford (1862),Gunboat of the United States Navy,457 tons
0,USS Massachusetts (1845),American steamship,765
0,USS Massachusetts (1860),Gunboat of the United States Navy,"1,515 tons"
0,USS Massasoit,Gunboat of the United States Navy,974 tons
0,USS Mattabesett (1863),Gunboat of the United States Navy,"1,173 long tons (1,192 t)"
0,USS Matthew Vassar,Gunboat of the United States Navy,216 tons
0,USS Maumee (1863),Gunboat of the United States Navy,593 tons
0,USS Memphis (1862),M,"1,091 "
1,USS Memphis (1862),M,", 791 "
0,USS Mendota (1863),Union navy steamer,974 tons
0,USS Mercedita,Gunboat of the United States Navy,"1,000 long tons (1,000 t)"
0,USS Merrimac (1864),Sidewheel steamer,635 tons
0,USS Merrimack (1855),U.S. Navy Steam frigate,"3,200"
0,USS Metacomet (1863),Gunboat of the United States Navy,"1,173 long tons (1,192 t)"
0,USS Meteor (1863),Gunboat of the United States Navy,221 tons
0,USS Miami (1861),American side-wheel steamer gunboat,730 long tons (742 t)
0,USS Miantonomoh (1863),Lead ship of Miantonomoh-class,"3,401 "
1,USS Miantonomoh (1863),Lead ship of Miantonomoh-class," (3,456 "
2,USS Miantonomoh (1863),Lead ship of Miantonomoh-class,)
0,USS Michigan (1843),M,685 
0,USS Midnight (1861),Gunboat of the United States Navy,387
0,USS Mignonette,Tugboat of the United States Navy,50 tons
0,USS Milwaukee (1864),Lead ship of Milwaukee-class,"1,300 long tons (1,300 t)"
1,USS Milwaukee (1864),Lead ship of Milwaukee-class,970 
0,USS Mingoe,Gunboat of the United States Navy,974 tons
0,USS Minnesota (1855),Gunboat of the United States Navy,"3,307 "
1,USS Minnesota (1855),Gunboat of the United States Navy," (3,360 t)"
0,USS Mississippi (1841),Gunboat of the United States Navy,"3,220 long tons (3,272 t)"
0,USS Mist (1864),Gunboat of the United States Navy,232 tons
0,USS Mistletoe (1861),Tugboat of the United States Navy,50 tons
0,USS Mobile (1854),Gunboat of the United States Navy,"1,275 tons"
0,USS Moccasin (1864),Gunboat of the United States Navy,192 tons
0,USS Mohawk (1858),Gunboat of the United States Navy,464 tons
0,USS Mohican (1859),Sloops-of-war of the United States Navy,"1,461 long tons (1,484 t)"
0,USS Monadnock (1863),Miantonomoh-class monitor,"3,295 "
1,USS Monadnock (1863),Miantonomoh-class monitor," (3,348 "
2,USS Monadnock (1863),Miantonomoh-class monitor,)
0,USS Monarch (1862),M,406 tons
0,USS Monongahela (1862),Cargo ship of the United States Navy,"2,078 long tons (2,111 t)"
0,USS Montauk (1862),M,750 long tons (760 t)
0,USS Monterey (1862),Tugboat of the United States Navy,87 tons
0,USS Montgomery (1858),M,787 long tons (800 t)
0,USS Monticello (1859),M,655 
1,USS Monticello (1859),M, (666 t)
0,USS Moose (1863),Gunboat of the United States Navy,189 tons
0,USS Morning Light,Gunboat of the United States Navy,937 tons
0,USS Morse,Gunboat of the United States Navy,514
0,USS Mound City (1861),Civil War gunboat,512 long tons (520 t)
0,USS Mount Vernon (1859),Gunboat of the United States Navy,625 long tons (635 t)
0,USS Mount Washington (1846),Gunboat of the United States Navy,500 tons
0,USS Myrtle (1862),Tugboat of the United States Navy,60 tons
0,USS Mystic (1853),Gunboat of the United States Navy,452 
1,USS Mystic (1853),Gunboat of the United States Navy, (459 t)
0,USS Nahant (1862),M,"1,875 long tons (1,905 t)"
0,USS Naiad (1863),Gunboat of the United States Navy,183 long tons (186 t)
0,USS Nansemond (1862),Gunboat of the United States Navy,340 long tons (350 t)
0,USS Nantucket (1862),M,"1,875  tons"
0,USS Narcissus (1863),Gunboat of the United States Navy,101 long tons (103 t)
0,USS Narragansett (1859),Gunboat of the United States Navy,"1,235 long tons (1,255 t)"
0,USS Naubuc (1864),Torpedo boat of the United States Navy,"1,175 long tons (1,194 t)"
0,USRC Naugatuck,Revenue cutter of the United States,192 
1,USRC Naugatuck,Revenue cutter of the United States, (544 m³)
0,USS Naumkeag (1863),Gunboat of the United States Navy,148 tons
0,Neosho-class monitor,United States Navy's Neosho-class ironclad river monitors,523
0,USS Neptune (1863),Gunboat of the United States Navy,"1,244 long tons (1,264 t)"
0,USS Nereus (1863),Gunboat of the United States Navy,"1,244 long tons (1,264 t)"
0,USS Nettle (1862),Tugboat of the United States Navy,50 tons
0,USS New Berne (1862),Gunboat of the United States Navy,948 tons
0,USS New Era,Gunboat of the United States Navy,157 tons
0,USS New Hampshire (1864),New Hampshire named ship,2633
0,USS New London,Gunboat of the United States Navy,221 tons
0,USS New National (1862),M,"1,000 tons"
0,USS Niagara (1855),Gunboat of the United States Navy,"5,540 "
1,USS Niagara (1855),Gunboat of the United States Navy," (5,629 t)"
0,USS Nightingale (1851),Gunboat of the United States Navy,1066
0,USS Niphon (1863),Gunboat of the United States Navy,475 long tons (483 t)
0,USS Nipsic,Gunboat of the United States Navy,592 long tons (601 t)
0,USS Nita,Gunboat of the United States Navy,210 tons
0,USS Norfolk Packet,Gunboat of the United States Navy,349
0,USS Norwich (1861),Gunboat of the United States Navy,450 long tons (457 t)
0,USS Nyanza (1863),Gunboat of the United States Navy,203 tons
0,USS Nymph (1863),Union Navy steamer in the American Civil War,171 tons
0,USS O. M. Pettit,Tugboat of the United States Navy,165 tons
0,USS Octorara (1861),Gunboat of the United States Navy,829 tons
0,USS Ohio (1820),1820 ship of the line,2724
0,USS Oleander,Union Civil War patrol boat,246 tons
0,USS Oliver H. Lee,Gunboat of the United States Navy,199 tons
0,USS Oneida (1861),Gunboat of the United States Navy,"1,488 long tons (1,512 t)"
0,USS Oneota (1864),Canonicus-class monitor,"1,034 tons ("
1,USS Oneota (1864),Canonicus-class monitor,)
2,USS Oneota (1864),Canonicus-class monitor,"2,100 long tons (2,100 t)"
0,USS Onward (1852),Gunboat of the United States Navy,874
0,USS Oriole (1864),Gunboat of the United States Navy,137 
1,USS Oriole (1864),Gunboat of the United States Navy, (139 t)
0,USS Orvetta (1861),Gunboat of the United States Navy,199 tons
0,USS Osceola (1863),Gunboat of the United States Navy,974
0,USS Ossipee (1861),Gunboat of the United States Navy,"1,240 "
1,USS Ossipee (1861),Gunboat of the United States Navy," (1,260 t)"
0,USS Otsego (1863),Gunboat of the United States Navy,974 tons
0,USS Ottawa (1861),Gunboat of the United States Navy,691 tons
1,USS Ottawa (1861),Gunboat of the United States Navy,507
0,USS Ouachita,Gunboat of the United States Navy,720 tons
0,USS Owasco (1861),Gunboat of the United States Navy,691 tons
1,USS Owasco (1861),Gunboat of the United States Navy,507
0,USS Ozark (1863),American river monitor,578 
0,USS Pampero,Cargo ship of the United States Navy,"1,375 "
1,USS Pampero,Cargo ship of the United States Navy," (1,397 t)"
0,USS Pansy (1861),Tugboat of the United States Navy,46 tons
0,USS Para,Gunboat of the United States Navy,200 
1,USS Para,Gunboat of the United States Navy, (200 t)
0,USS Passaic (1862),M,"1,355 tons"
0,USS Patapsco (1862),1862 Passaic-class ironclad monitor,"1,875 long tons (1,905 t)"
0,USS Patroon (1859),Gunboat of the United States Navy,183 tons
0,USS Paul Jones (1862),Gunboat of the United States Navy,"1,210 tons"
0,USS Paw Paw,Gunboat of the United States Navy,175 tons
0,USS Pawnee (1859),Gunboat of the United States Navy,"1,533 long tons (1,558 t)"
0,USS Pawtuxet,Gunboat of the United States Navy,974 long tons (990 t)
0,USS Pembina (1861),Unadilla-class gunboat of the Union Navy during the American Civil War,691 tons
1,USS Pembina (1861),Unadilla-class gunboat of the Union Navy during the American Civil War,507
0,USS Penguin (1861),Gunboat of the United States Navy,389 long tons (395 t)
0,USS Pennsylvania (1837),Ship of the line,"3,241 "
0,USS Penobscot (1861),Gunboat of the United States Navy,691 tons
1,USS Penobscot (1861),Gunboat of the United States Navy,507
0,USS Pensacola (1859),Gunboat of the United States Navy,3000
0,USS Peony,Gunboat of the United States Navy,180 tons
0,USS Peosta,Gunboat of the United States Navy,204 tons
1,USS Peosta,Gunboat of the United States Navy,233 tons
0,USS Percy Drayton,Tender of the United States Navy,20 tons
0,USS Perry (1843),Gunboat of the United States Navy,280 tons
0,USS Peterhoff (1863),Gunboat of the United States Navy,412 tons
0,USS Philadelphia (1861),US Navy ship during the American Civil War,500 long tons (510 t)
0,USS Philippi,Gunboat of the United States Navy,311 
0,USS Phlox (1864),Union Navy steamer,317 tons
0,USS Pink,Gunboat of the United States Navy,184 tons
0,USS Pinola (1861),Gunboat of the United States Navy,691 tons
1,USS Pinola (1861),Gunboat of the United States Navy,507
0,USS Pittsburgh (1861),Gunboat of the United States Navy,512 tons
0,USS Planter (1862),Gunboat of the United States Navy,313 register
0,USS Plymouth (1844),Gunboat of the United States Navy,989 tons
0,USS Pocahontas (1852),Gunboat of the United States Navy,558 
1,USS Pocahontas (1852),Gunboat of the United States Navy, (567 t)
0,USS Polaris (1871),Gunboat of the United States Navy,383 tons
0,USS Pontiac (1863),Gunboat of the United States Navy,974 tons
0,USS Pontoosuc,Gunboat of the United States Navy,974
0,USS Poppy,Tugboat of the United States Navy,93 tons
0,USS Port Fire,Tugboat of the United States Navy,103 tons
0,USS Port Royal (1862),Gunboat of the United States Navy,805 tons
0,USS Portsmouth (1843),Gunboat of the United States Navy,"1,022"
0,USS Potomac (1822),M,"1,726"
0,USS Potomska (1861),Gunboat of the United States Navy,287 
1,USS Potomska (1861),Gunboat of the United States Navy, (292 t)
0,USS Powhatan (1850),Ship,2415
1,USS Powhatan (1850),Ship,"3,765 long tons (3,825 t)"
0,USS Prairie Bird,Gunboat of the United States Navy,171 tons
0,USS Preble (1839),Sloop-of-war of the United States Navy,556 
1,USS Preble (1839),Sloop-of-war of the United States Navy, (565 t)
0,USS Preston (1864),Gunboat of the United States Navy,428 tons
0,USS Preston (1865),Gunboat of the United States Navy,230 
1,USS Preston (1865),Gunboat of the United States Navy, (234 
2,USS Preston (1865),Gunboat of the United States Navy,)
0,USS Primrose,Gunboat of the United States Navy,94 tons
0,USS Princess Royal,Gunboat of the United States Navy,652 
1,USS Princess Royal,Gunboat of the United States Navy, and 494 
2,USS Princess Royal,Gunboat of the United States Navy,828 tons
0,USS Princeton (1851),Gunboat of the United States Navy,"1,370 tons"
0,USS Proteus (1863),Gunboat of the United States Navy,"1,244"
0,USS Puritan (1864),American Ironclad monitors,"3,265 tons ("
1,USS Puritan (1864),American Ironclad monitors,)
2,USS Puritan (1864),American Ironclad monitors,"4,912 "
3,USS Puritan (1864),American Ironclad monitors," (4,991 "
4,USS Puritan (1864),American Ironclad monitors,)
0,USS Pursuit (1861),Gunboat of the United States Navy,600
0,USS Quaker City,Gunboat of the United States Navy,"1,428 long tons (1,451 t) (burden)"
0,USS Queen,Cargo ship of the United States Navy,630 tons
0,USS Queen City,Gunboat of the United States Navy,212 tons
0,USS Queen of the West (1854),Sidewheel steamer ram ship,406 tons
0,USS R. B. Forbes,American Civil War-era steam ship,320 or 329 tons
0,USS R. R. Cuyler (1860),Gunboat of the United States Navy,"1,200 tons"
0,USS Racer (1861),Gunboat of the United States Navy,252 tons
0,USS Rachel Seaman (1861),Gunboat of the United States Navy,303 tons
0,USS Raritan (1843),M,1726
0,USS Rattler,Steamboat of the Union Navy during the American Civil War,165 tons
0,USS Rebecca Sims (1801),M,400 tons
0,USS Red Rover,Confederate steamship used by the US Navy as a hospital ship during the American Civil War,650 long tons (660 t)
0,USS Reindeer (1863),Gunboat of the United States Navy,212 tons
0,USS Release (1855),Cargo ship of the United States Navy,327
0,USS Reliance (1860),Gunboat of the United States Navy,90 tons
0,USS Relief (1836),Cargo ship of the United States Navy,468 
1,USS Relief (1836),Cargo ship of the United States Navy, (476 t)
0,USS Renshaw (1862),United States Navy schooner,75 
1,USS Renshaw (1862),United States Navy schooner, (76 t)
0,USS Rescue (1861),Gunboat of the United States Navy,111 tons
0,USS Resolute (1860),Gunboat of the United States Navy,90 tons
0,USS Restless (1861),Gunboat of the United States Navy,265
0,USS Rhode Island (1860),Gunboat of the United States Navy,"1,517 long tons (1,541 t)"
0,USS Richmond (1860),Gunboat of the United States Navy,"2,604 tons"
0,USS Rocket (1862),Tugboat of the United States Navy,187 long tons (190 t)
0,USS Rodolph,Gunboat of the United States Navy,217 tons
0,USS Roebuck,Gunboat of the United States Navy,455
0,USS Rosalie,Gunboat of the United States Navy,28 tons
0,USS Rose,Tugboat of the United States Navy,96 tons
0,USS Sabine (1855),M,1726
0,USS Sachem (1861),Gunboat of the United States Navy,197 
1,USS Sachem (1861),Gunboat of the United States Navy, (200 t)
0,USS Saco (1863),Gunboat,593 long tons (603 t)
0,USS Sacramento (1862),Gunboat of the United States Navy,"2,100 long tons (2,100 t)"
0,USS Saffron (1863),Gunboat of the United States Navy,73 tons
0,USS Sagamore (1861),Gunboat of the United States Navy,691 tons
1,USS Sagamore (1861),Gunboat of the United States Navy,507
0,USS Saginaw (1859),American sidewheel sloop-of-war,453 long tons (460 t)
0,USS Sallie Wood,Tugboat of the United States Navy,256 tons
0,USS Sam Houston (1861),Gunboat of the United States Navy,66 tons
0,USS Samson,Tugboat of the United States Navy,230 tons
0,USS Samuel Rotan (1861),Gunboat of the United States Navy,212 tons
0,USS San Jacinto (1850),Screw frigate in the US Navy famous for her role in the Trent Affair of 1861,1567
0,USS Sangamon (1862),M,"1,335 long tons (1,356 t)"
0,USS Santee (1855),Gunboat of the United States Navy,1726
0,USS Santiago de Cuba,Gunboat of the United States Navy,"1,567 tons"
0,USS Sarah Bruen (1862),Gunboat of the United States Navy,233 tons
0,USS Saranac (1848),Gunboat of the United States Navy,"1,463 tons"
0,USS Saratoga (1842),Sloop-of-war of the United States Navy,882
0,USS Sassacus (1862),Gunboat of the United States Navy,974 tons
0,USS Satellite (1854),American naval ship,217 tons
0,USS Saugus (1863),1863 Canonicus-class monitor,"2,100 long tons (2,100 t)"
0,USS Savannah (1842),M,1726
0,USS Sciota (1861),Gunboat of the United States Navy,691 tons
1,USS Sciota (1861),Gunboat of the United States Navy,507
0,USS Sea Bird,Gunboat of the United States Navy,58 tons
0,USS Sea Foam (1861),Gunboat of the United States Navy,"251 tons
Ship length=112 ft 6 in (34.29 m)"
0,USS Sebago (1861),Gunboat of the United States Navy,832 long tons (845 t)
0,CSS Selma (1856),Steamboat,590 tons
0,USS Seminole (1859),Gunboat of the United States Navy,801 
1,USS Seminole (1859),Gunboat of the United States Navy, (814 t)
0,USS Seneca (1861),Gunboat of the United States Navy,691 tons
1,USS Seneca (1861),Gunboat of the United States Navy,507
0,USS Shamrock,Gunboat of the United States Navy,974 tons
0,USS Shawmut (1863),Gunboat of the United States Navy,593 tons
0,USS Shawsheen (1855),Steam operated tugboat pruchased by the US Navy,180 tons
0,USS Shenandoah (1862),Sloop-of-war of the United States Navy,"1,375 long tons (1,397 t)"
0,USS Shepherd Knapp,Gunboat of the United States Navy,838  tons
0,USS Shokokon,Warship of the United States Navy,709  tons
0,USLHT Shubrick,M,305 long tons (310 t)
0,USS Sibyl (1863),M,176 tons
0,USS Sidney C. Jones,Gunboat of the United States Navy,254 tons
0,USS Signal (1862),Gunboat of the United States Navy,190 tons
0,USS Silver Cloud (1862),Gunboat of the United States Navy,236 tons
0,USS Silver Lake (1862),Gunboat of the United States Navy,236 tons
0,USS Siren (1862),Gunboat of the United States Navy,214 tons
0,USS Snowdrop (1863),Gunboat of the United States Navy,125 long tons (127 t)
0,USS Somerset (1862),Gunboat of the United States Navy,521 long tons (529 t)
0,USS Sonoma (1862),Gunboat of the United States Navy,955 
1,USS Sonoma (1862),Gunboat of the United States Navy, (970 t)
0,USS Sophronia,Gunboat of the United States Navy,217 tons
0,USS Sorrel,Tugboat of the United States Navy,68 tons
0,USS South Carolina (1860),Gunboat of the United States Navy,"1,165 tons"
0,USS Southfield,Gunboat of the United States Navy,750 long tons (762 t)
0,USS Sovereign (1855),Tender of the United States Navy,336 tons
0,USS Spirea (1864),Steam ship acquired by the US Union Navy,409 tons
0,USS Springfield (1862),Gunboat of the United States Navy,146 tons
0,USS Spuyten Duyvil,Torpedo boat of the United States Navy,207 long tons (210 t)
0,USS St. Clair,Civil War era gunboat,203 tons
0,USS St. Lawrence,"Frigate of the United States Navy, launched 1848",1726
0,USS St. Louis (1828),Gunboat of the United States Navy,700 
1,USS St. Louis (1828),Gunboat of the United States Navy, (711 t)
0,USS St. Mary's (1844),Sloop-of-war of the United States Navy,958 
1,USS St. Mary's (1844),Sloop-of-war of the United States Navy, (973 t)
0,USS Stars and Stripes,Gunboat of the United States Navy,407 tons
0,USS State of Georgia (1851),Gunboat of the United States Navy,"1,204 "
1,USS State of Georgia (1851),Gunboat of the United States Navy," (1,223 t)"
0,USS Stepping Stones (1861),Gunboat of the United States Navy,226 tons
0,USS Stettin (1861),Gunboat of the United States Navy,600 tons
0,USS Stockdale (1863),Gunboat of the United States Navy,188 tons
0,USS Stonewall (1863),Tender of the United States Navy,30 tons
0,USS Sumpter (1853),Gunboat of the United States Navy,464 
1,USS Sumpter (1853),Gunboat of the United States Navy, (471 t)
0,USS Sumter (1862),525-ton sidewheel paddle streamer,525 tons
0,USS Sunflower (1863),Gunboat of the United States Navy,294 tons
0,USS Supply (1846),Cargo ship of the United States Navy,547
0,USS Susquehanna (1850),Sidewheel steam frigate,"2,450 long tons (2,489 t)"
0,USS Suwanee (1864),Mohongo-class gunboat,"1,030 tons"
0,USS Sweet Brier (1862),Gunboat of the United States Navy,240 tons
0,USS Swift (1864),Tender of the United States Navy,12 tons
0,USS T. A. Ward,Gunboat of the United States Navy,284 tons
0,USS Ta-Kiang,Gunboat of the United States Navy,510 tons
0,USS Tacony (1863),Gunboat of the United States Navy,974 tons
0,USS Tahoma (1861),Gunboat of the United States Navy,691 tons
1,USS Tahoma (1861),Gunboat of the United States Navy,507
0,USS Tallahatchie (1863),Gunboat of the United States Navy,171 tons
0,USS Tallapoosa (1863),Gunboat of the United States Navy,974 tons
0,USS Tawah,Gunboat of the United States Navy,108 tons
0,CSS Teaser,M,64 tons
0,USS Tecumseh (1863),Canonicus-class monitor,"2,100 long tons (2,100 t)"
1,USS Tecumseh (1863),Canonicus-class monitor,"1,034 tons ("
2,USS Tecumseh (1863),Canonicus-class monitor,)
0,USS Tempest (1862),Gunboat of the United States Navy,161 tons
0,CSS Tennessee (1863),Ironclad warship built by the Confederate Navy,"1,273 long tons (1,293 t)"
0,USS Tensas (1860),Gunboat of the United States Navy,41 tons
0,USS Thistle (1862),Gunboat of the United States Navy,50 tons
0,USS Thomas Freeborn,Gunboat of the United States Navy,269 tons
0,USS Ticonderoga (1862),Gunboat of the United States Navy,"2,526 long tons (2,567 t)"
0,USS Tioga (1862),Gunboat of the United States Navy,819 tons
0,USS Trefoil (1865),Gunboat of the United States Navy,370 tons
0,USS Tristram Shandy,Gunboat of the United States Navy,444 tons
0,USS Tritonia (1863),Union Navy steamer in the American Civil War,202 tons
0,USS Tulip (1862),Gunboat of the United States Navy,183 tons
0,USS Tunxis (1864),M,"1,175 long tons (1,194 t)"
0,USS Tuscarora (1861),Sloop-of-war of the United States Navy,"1,457 long tons (1,480 t)"
0,USS Tuscumbia (1862),Gunboat of the United States Navy,915 
1,USS Tuscumbia (1862),Gunboat of the United States Navy, (930 t)
0,USS Two Sisters,Gunboat of the United States Navy,54 tons
0,USS Tyler,Gunboat of the United States Navy,575
0,USS Unadilla (1861),Gunboat of the United States Navy,691 tons
1,USS Unadilla (1861),Gunboat of the United States Navy,507
0,USS Uncas (1843),Gunboat of the United States Navy,192 
0,USS Underwriter (1852),Steamer gunboat (in service 1861–1864),341 
1,USS Underwriter (1852),Steamer gunboat (in service 1861–1864), (merchant service)
0,USS Undine (1863),Gunboat of the United States Navy,179 
1,USS Undine (1863),Gunboat of the United States Navy, (182 t)
0,USS Union (1861),Gunboat of the United States Navy,"1,114 tons"
0,USS Unit (1862),Tugboat of the United States Navy,57 tons
0,USS United States (1797),First of the six original frigates of the U.S. Navy,1576 tons
0,USS Valley City,Gunboat of the United States Navy,190 tons
0,USS Valparaiso (1836),Cargo ship of the United States Navy,402 tons
0,USS Vandalia (1828),Gunboat of the United States Navy,614
0,USS Vanderbilt,Gunboat of the United States Navy,"3,360 tons"
0,USS Varuna (1861),Gunboat of the United States Navy,"1,247 "
1,USS Varuna (1861),Gunboat of the United States Navy," or 1,300 tons"
0,USS Velocity (1862),Gunboat of the United States Navy,87 tons
0,USS Verbena,Gunboat of the United States Navy,104
0,USS Vermont (1848),Originally intended to be a ship of the line for the U.S. Navy,"2,633"
0,USS Vicksburg (1863),Gunboat of the United States Navy,886 long tons (900 t)
0,USS Victoria (1855),Gunboat of the United States Navy,254 tons
0,USS Victory,Gunboat of the United States Navy,160 tons
0,USS Vincennes (1826),US Navy sloop of war,700 
1,USS Vincennes (1826),US Navy sloop of war, (711 t)
0,USS Vindicator (1863),Gunboat of the United States Navy,750 tons
0,USS Violet,Gunboat of the United States Navy,166 tons
0,USS Virginia (1861),Gunboat of the United States Navy,581 tons
0,USS Vixen (1861),American naval ship,300 tons
0,USS Volunteer (1863),Gunboat of the United States Navy,209 tons
0,USS Wabash (1855),Gunboat of the United States Navy,"4,808 tons"
0,USS Wachusett (1861),Gunboat of the United States Navy,"1,032 tons"
0,USS Wampanoag (1864),M,"4,215 long tons (4,283 t)"
0,USS Wamsutta,Gunboat of the United States Navy,270 tons
0,USS Wanderer (1857),Gunboat of the United States Navy,300 tons
0,USS Wando (1864),Gunboat of the United States Navy,645 tons
1,USS Wando (1864),Gunboat of the United States Navy,468 tons
0,USS Warren (1827),Gunboat of the United States Navy,697
0,USS Water Witch (1851),US Navy gunboat,464 tons
0,USS Wateree (1863),United States Navy sidewheel gunboat,1173 tons
0,USS Wave (1863),Gunboat of the United States Navy,229 tons
0,USS Weehawken (1862),M,"1,173 long tons (1,192 t)"
0,USS Western World,Gunboat of the United States Navy,441 tons
0,USS Westfield (1861),Gunboat of the United States Navy,822 
1,USS Westfield (1861),Gunboat of the United States Navy, (835 t)
0,USS Whitehall (1850),Gunboat of the United States Navy,326 tons
0,USS Whitehead,Gunboat of the United States Navy,136 long tons (138 t)
0,USS Wild Cat,Tender of the United States Navy,30 tons
0,USS Wilderness,Gunboat of the United States Navy,390 tons
0,USS William Bacon,Gunboat of the United States Navy,183 tons
0,USS William Badger,Cargo ship of the United States Navy,334 tons
0,USS William G. Anderson,Gunboat of the United States Navy,593
0,USS William H. Brown,Gunboat of the United States Navy,800 tons
0,USS Winnebago (1863),Milwaukee-class river monitor,"1,300 long tons (1,300 t)"
1,USS Winnebago (1863),Milwaukee-class river monitor,970 
0,USS Winnipec,Mohongo-class gunboat,"1,030 tons"
0,USS Winona (1861),Gunboat of the United States Navy,691 tons
1,USS Winona (1861),Gunboat of the United States Navy,507
0,USS Wissahickon (1861),Gunboat of the United States Navy,691 tons
1,USS Wissahickon (1861),Gunboat of the United States Navy,507
0,USS Wyalusing,Gunboat of the United States Navy,"1,173 long tons (1,192 t)"
0,USS Wyandank,Cargo ship of the United States Navy,400 tons
0,USS Wyandotte (1853),Gunboat of the United States Navy,464 tons
0,USS Wyandotte (1864),Canonicus-class monitor,"1,034 tons ("
1,USS Wyandotte (1864),Canonicus-class monitor,)
2,USS Wyandotte (1864),Canonicus-class monitor,"2,100 long tons (2,100 t)"
0,USS Wyoming (1859),Sloop-of-war of the United States Navy,"1,457 long tons (1,480 t)"
0,USS Yankee (1861),Tugboat of the United States Navy,328 tons
0,USS Yantic (IX-32),American Civil War gunboat,836 long tons (849 t)
0,USS Young America,Tender of the United States Navy,173 tons
0,USS Young Rover,Gunboat of the United States Navy,418
0,USS Yucca (1864),Gunboat of the United States Navy,373 tons
0,USS Zeta,Union Navy steam ship,60 tons
0,USS Zouave,Tender of the United States Navy,127 tons
